,Team,Median of Age,Mean of Age,Std of Age,Median of Matches Played,Mean of Matches Played,Std of Matches Played,Median of Starts,Mean of Starts,Std of Starts,Median of Minutes,Mean of Minutes,Std of Minutes,Median of Goals,Mean of Goals,Std of Goals,Median of Assists,Mean of Assists,Std of Assists,Median of Yellow Cards,Mean of Yellow Cards,Std of Yellow Cards,Median of Red Cards,Mean of Red Cards,Std of Red Cards,Median of xG,Mean of xG,Std of xG,Median of xAG,Mean of xAG,Std of xAG,Median of PrgC,Mean of PrgC,Std of PrgC,Median of PrgP,Mean of PrgP,Std of PrgP,Median of PrgR,Mean of PrgR,Std of PrgR,Median of Gls per 90,Mean of Gls per 90,Std of Gls per 90,Median of Ast per 90,Mean of Ast per 90,Std of Ast per 90,Median of xG per 90,Mean of xG per 90,Std of xG per 90,Median of xAG per 90,Mean of xAG per 90,Std of xAG per 90,Median of SoT/90,Mean of SoT/90,Std of SoT/90,Median of Passes Completed,Mean of Passes Completed,Std of Passes Completed,Median of TkI,Mean of TkI,Std of TkI,Median of TkIW,Mean of TkIW,Std of TkIW,Median of Att Challenges,Mean of Att Challenges,Std of Att Challenges,Median of Lost Challenges,Mean of Lost Challenges,Std of Lost Challenges,Median of Blocks,Mean of Blocks,Std of Blocks,Median of Sh Blocks,Mean of Sh Blocks,Std of Sh Blocks,Median of Pass Blocks,Mean of Pass Blocks,Std of Pass Blocks,Median of Int,Mean of Int,Std of Int,Median of Touches,Mean of Touches,Std of Touches,Median of Def Pen Touches,Mean of Def Pen Touches,Std of Def Pen Touches,Median of Def 3rd Touches,Mean of Def 3rd Touches,Std of Def 3rd Touches,Median of Mid 3rd Touches,Mean of Mid 3rd Touches,Std of Mid 3rd Touches,Median of Att 3rd Touches,Mean of Att 3rd Touches,Std of Att 3rd Touches,Median of Att Pen Touches,Mean of Att Pen Touches,Std of Att Pen Touches,Median of Att Take-Ons,Mean of Att Take-Ons,Std of Att Take-Ons,Median of Carries,Mean of Carries,Std of Carries,Median of ProDist,Mean of ProDist,Std of ProDist,Median of ProgC Carries,Mean of ProgC Carries,Std of ProgC Carries,Median of 1/3 Carries,Mean of 1/3 Carries,Std of 1/3 Carries,Median of CPA,Mean of CPA,Std of CPA,Median of Mis,Mean of Mis,Std of Mis,Median of Dis,Mean of Dis,Std of Dis,Median of Rec,Mean of Rec,Std of Rec,Median of PrgR Receiving,Mean of PrgR Receiving,Std of PrgR Receiving,Median of Fls,Mean of Fls,Std of Fls,Median of Fld,Mean of Fld,Std of Fld,Median of Off,Mean of Off,Std of Off,Median of Crs,Mean of Crs,Std of Crs,Median of Recov,Mean of Recov,Std of Recov,Median of Aerial Won,Mean of Aerial Won,Std of Aerial Won,Median of Aerial Lost,Mean of Aerial Lost,Std of Aerial Lost
0,all,26.0,26.418219461697724,4.26057865002683,23.0,21.399585921325052,9.972147926500949,15.0,15.747412008281573,10.964974817526219,1364.0,1411.376811594203,928.1980282839137,1.0,2.049689440993789,3.580377438266592,1.0,1.5279503105590062,2.238095603663033,2.0,3.020703933747412,2.6464542005104548,0.0,0.08902691511387163,0.3061331668924229,0.8,2.0666666666666664,3.1535047134688075,0.9,1.5314699792960664,1.9067806808776557,15.0,26.63768115942029,31.301491824870666,39.0,52.61076604554865,50.82213766050097,25.0,52.05590062111801,65.31737853876888,0.03,0.11840579710144927,0.18243780537321325,0.04,0.08898550724637681,0.12231517430071022,0.07,0.13128364389233954,0.15892797071991743,0.07,0.09552795031055901,0.09926640015917693,0.22,0.3880538302277433,0.4466509089218258,472.0,566.0393374741201,465.6961287593755,18.0,25.22153209109731,22.99193869491504,11.0,15.082815734989648,14.107374794427816,17.0,22.991718426501034,20.705100243334417,8.0,11.287784679089027,10.573689056752775,12.0,15.619047619047619,13.918844860282613,3.0,5.277432712215321,7.382386801647225,8.0,10.341614906832298,9.53467503861875,7.0,11.420289855072463,11.917914368855048,764.0,855.824016563147,630.7906058809463,32.0,96.9544513457557,179.4900625893219,161.0,283.2463768115942,311.5901782350174,281.0,364.0703933747412,320.53911280110907,144.0,216.91304347826087,213.773488665154,21.0,35.35403726708075,41.91090281967729,14.0,25.989648033126294,31.831928575674088,408.0,479.3664596273292,363.5096217389243,1052.0,1331.51966873706,1112.6024840325535,15.0,26.63768115942029,31.301491824870666,13.0,17.917184265010352,18.560693720636824,2.0,8.285714285714286,14.583752357996202,13.0,19.44513457556936,19.795913911874166,8.0,13.451345755693582,15.006610343255831,493.0,559.7888198757764,426.2324002758002,25.0,52.05590062111801,65.31737853876888,12.0,15.846790890269151,14.037343683494665,10.0,15.316770186335404,14.966389326209365,1.0,2.440993788819876,4.036418321885871,9.0,25.018633540372672,36.580861158646435,46.0,59.43685300207039,47.1204606212948,10.0,18.48654244306418,21.683821077631173,13.0,18.47826086956522,18.800465791612677
1,Arsenal,26.5,25.954545454545453,3.823203253409779,23.5,23.272727272727273,8.066283844803323,16.5,17.5,10.39574088612392,1478.5,1564.4545454545455,902.9764921937589,2.0,2.8181818181818183,2.8053751745764544,1.5,2.3181818181818183,2.7496556258204516,2.5,2.909090909090909,1.9738550848793073,0.0,0.22727272727272727,0.5284134548067254,1.65,2.563636363636363,2.64098564835275,0.9,1.9318181818181814,2.1877116471514824,23.0,35.31818181818182,32.69685635629847,56.5,77.0,62.4431169717116,52.0,75.95454545454545,77.48823399024143,0.10500000000000001,0.16272727272727272,0.16406101705163637,0.10500000000000001,0.1372727272727273,0.14998989864977472,0.1,0.1527272727272727,0.14166297423250107,0.09,0.11954545454545452,0.11712741424974416,0.22,0.4090909090909091,0.40970266908610325,468.5,717.6818181818181,560.3350516698649,19.5,24.636363636363637,20.726209435778593,12.0,14.681818181818182,12.635499363137344,21.0,21.363636363636363,14.85660172174696,11.0,10.636363636363637,7.575307345928704,10.0,13.681818181818182,11.167070484395772,1.5,4.409090909090909,6.835893301495952,7.5,9.272727272727273,7.88719165532271,6.0,9.636363636363637,8.866982385421583,771.5,1008.9545454545455,673.6841479275218,25.0,75.81818181818181,170.01334299559198,125.0,254.45454545454547,337.02631341000057,296.0,439.0,390.8871472749672,225.0,323.09090909090907,237.02399096794466,38.5,53.77272727272727,50.36148549019598,23.5,30.59090909090909,29.146034755886472,427.0,593.2727272727273,410.1600363410061,1358.0,1677.6363636363637,1143.7038638295003,23.0,35.31818181818182,32.69685635629847,19.5,21.954545454545453,18.367873798531715,4.5,12.136363636363637,15.458994775874642,15.5,20.136363636363637,15.944234529089648,13.5,15.863636363636363,13.52350847174214,552.0,710.8636363636364,492.201884195088,52.0,75.95454545454545,77.48823399024143,14.0,16.954545454545453,11.273556386210767,17.0,17.045454545454547,12.403829181143148,2.0,3.5454545454545454,3.6868785704269667,11.0,32.18181818181818,42.69006393110179,49.5,59.68181818181818,41.36755844589927,10.5,19.90909090909091,19.786741811504783,15.5,19.363636363636363,17.646112358966818
2,Aston Villa,27.0,26.703703703703702,4.130699464095405,21.0,19.77777777777778,10.36018017861337,11.0,14.11111111111111,11.72221209543047,1051.0,1264.6666666666667,948.0664939354607,1.0,1.8888888888888888,3.355057414771058,0.0,1.4814814814814814,2.439583356142387,2.0,2.5185185185185186,2.2424294924233465,0.0,0.07407407407407407,0.2668802563418119,0.8,1.9111111111111112,3.020485612171217,0.4,1.4000000000000001,2.0392306241476312,16.0,23.85185185185185,24.108255374621724,34.0,45.333333333333336,48.721342661807164,17.0,43.81481481481482,52.98551110883415,0.03,0.16111111111111112,0.2819347078441735,0.0,0.07333333333333332,0.09675504359741904,0.07,0.17740740740740737,0.2367828052585256,0.05,0.07703703703703706,0.0754889097720685,0.19,0.444074074074074,0.6826771917591419,479.0,504.85185185185185,429.33389406450624,11.0,21.814814814814813,20.81980757510471,6.0,12.518518518518519,12.710898928358748,11.0,18.666666666666668,19.237383477929708,6.0,8.185185185185185,8.306795350967123,11.0,11.185185185185185,9.156910114716801,3.0,3.740740740740741,4.337604732431807,6.0,7.444444444444445,6.4051261522034855,5.0,8.333333333333334,8.42158399133304,674.0,739.7777777777778,577.1564468171209,32.0,90.11111111111111,194.53283949252796,136.0,251.44444444444446,302.5237858840872,259.0,318.0,302.4356256995986,117.0,177.62962962962962,173.19334419351821,20.0,31.59259259259259,38.31775974989551,17.0,24.37037037037037,30.665876987231446,419.0,418.7037037037037,319.6778203627972,1121.0,1207.111111111111,947.346225935836,16.0,23.85185185185185,24.108255374621724,13.0,14.925925925925926,13.327028423834275,2.0,6.888888888888889,10.671072807913687,10.0,17.11111111111111,21.983093737151968,8.0,13.333333333333334,15.427248620541512,486.0,494.3703703703704,389.0792037370113,17.0,43.81481481481482,52.98551110883415,9.0,14.0,13.575996917637111,9.0,16.88888888888889,17.99002572652484,1.0,1.8518518518518519,2.91816200983933,4.0,19.666666666666668,34.852436180162606,39.0,47.96296296296296,37.0254397797405,8.0,12.851851851851851,12.199318088457314,10.0,14.074074074074074,14.120159962936587
3,Bournemouth,26.0,25.956521739130434,3.8195461518777476,26.0,22.217391304347824,10.180000543575314,17.0,16.695652173913043,11.632379505691295,1670.0,1494.608695652174,1004.3940615266696,1.0,2.347826086956522,3.5879684762496544,1.0,1.6956521739130435,2.0545909260769615,3.0,3.869565217391304,3.0793202884297664,0.0,0.08695652173913043,0.28810406552003043,1.1,2.6826086956521737,3.5771563330151,1.1,1.808695652173913,1.8742060242523695,19.0,29.869565217391305,34.65322279099552,43.0,58.47826086956522,52.052307227893714,31.0,57.65217391304348,71.61171101258647,0.03,0.13521739130434782,0.18007244918788032,0.04,0.10043478260869565,0.11451392376116482,0.08,0.1808695652173913,0.20232541393144277,0.1,0.12826086956521737,0.14858888291686634,0.15,0.5382608695652175,0.6496058397486688,436.0,504.7826086956522,408.761205742617,21.0,27.956521739130434,23.433616608449036,10.0,16.130434782608695,14.50800515021742,25.0,25.608695652173914,21.310985494969454,13.0,13.565217391304348,10.710343712999732,16.0,18.82608695652174,16.694180188733828,3.0,5.739130434782608,7.2627154407372005,8.0,13.08695652173913,12.641608943478749,10.0,14.391304347826088,15.622650020911603,783.0,852.4782608695652,626.5489801331807,44.0,90.26086956521739,153.4657845761495,159.0,257.30434782608694,280.4485748975297,316.0,365.95652173913044,322.8818357261635,133.0,239.7391304347826,238.20430829462043,19.0,39.52173913043478,48.082192474985796,16.0,27.08695652173913,32.48623910558587,483.0,458.3478260869565,342.4985213897283,1183.0,1442.0869565217392,1300.3993062637435,19.0,29.869565217391305,34.65322279099552,17.0,21.08695652173913,20.42706102537483,1.0,9.08695652173913,16.02813731444646,18.0,23.52173913043478,21.605701194607686,8.0,14.08695652173913,17.222905053968788,435.0,499.69565217391306,370.4772640285168,31.0,57.65217391304348,71.61171101258647,16.0,20.52173913043478,17.98451244118215,10.0,15.608695652173912,13.894862132309528,0.0,2.739130434782609,5.074153680479389,10.0,32.95652173913044,41.37245269375788,59.0,73.21739130434783,57.25378631523709,20.0,23.17391304347826,21.29586424618862,22.0,24.608695652173914,20.979945251758842
4,Brentford,24.0,25.666666666666668,3.8643671323171835,28.0,23.523809523809526,11.382526290850583,21.0,18.333333333333332,13.297869503545797,1913.0,1638.095238095238,1122.0364479267998,0.0,2.9047619047619047,5.539898572219188,2.0,1.9523809523809523,2.438774087040259,2.0,2.5238095238095237,1.8873009198071093,0.0,0.047619047619047616,0.21821789023599242,0.8,2.6095238095238096,4.196773136816519,1.2,1.8952380952380952,2.2310258157350376,12.0,25.857142857142858,32.37635821751068,52.0,58.285714285714285,54.49416744674871,27.0,57.57142857142857,77.18003072594065,0.0,0.1157142857142857,0.194642529488584,0.09,0.09857142857142859,0.10412904082366813,0.06,0.12095238095238095,0.16080748620337185,0.08,0.10428571428571426,0.08941875801930087,0.17,0.31523809523809526,0.3816624038023531,489.0,582.2380952380952,445.78513936221617,25.0,27.523809523809526,22.234250712850766,17.0,16.523809523809526,12.890380318745631,26.0,25.476190476190474,20.602473268078878,11.0,11.857142857142858,10.518011762142663,17.0,21.19047619047619,19.307042879786245,4.0,8.714285714285714,12.942730999069928,13.0,12.476190476190476,10.385658609924782,8.0,12.761904761904763,12.300019357321199,804.0,937.047619047619,669.6892171888745,52.0,145.57142857142858,290.90867491853373,232.0,366.4761904761905,421.08082585741414,348.0,349.04761904761904,279.64378702028694,160.0,230.04761904761904,234.92093908174215,24.0,43.0,47.19110085598767,13.0,27.333333333333332,33.91066695500596,410.0,493.6666666666667,361.55391483613244,1204.0,1371.5714285714287,1143.6432822969134,12.0,25.857142857142858,32.37635821751068,11.0,15.952380952380953,18.816153141586064,1.0,9.19047619047619,17.531739923975167,14.0,23.285714285714285,26.448332380592277,8.0,12.571428571428571,13.544635205761093,497.0,573.5238095238095,410.8683023850366,27.0,57.57142857142857,77.18003072594065,12.0,13.333333333333334,10.82281540696936,10.0,15.047619047619047,14.57901296547949,1.0,2.9523809523809526,4.477456761111049,14.0,29.523809523809526,45.98545318643609,50.0,71.0,55.45087916345421,12.0,27.523809523809526,31.921182696790932,14.0,23.952380952380953,23.96137765337417
5,Brighton,24.0,25.923076923076923,5.176277248549014,22.5,20.076923076923077,10.221244843650217,13.5,14.653846153846153,9.943610240520524,1271.5,1307.9615384615386,881.6453926956906,1.0,2.076923076923077,3.0844523264019097,1.0,1.4230769230769231,1.6290629680421056,2.5,2.8846153846153846,2.581889588296495,0.0,0.11538461538461539,0.3258125936084211,0.75,2.0000000000000004,2.7251421981247144,1.25,1.4000000000000001,1.4218298069740978,19.0,27.884615384615383,30.615456126704267,41.0,53.03846153846154,50.64660365254971,29.5,52.26923076923077,64.15266647135265,0.045,0.11576923076923076,0.14442085934997276,0.04,0.09884615384615383,0.1338156021718521,0.08499999999999999,0.11884615384615385,0.11638992819232849,0.08499999999999999,0.10192307692307692,0.08054907725203217,0.255,0.32499999999999996,0.30817202987941655,398.5,551.5384615384615,490.9256750889471,17.0,24.23076923076923,19.614907988176125,11.0,14.76923076923077,12.027660428554482,18.5,24.346153846153847,18.59449877290014,10.0,12.423076923076923,9.12654623358947,12.5,15.346153846153847,12.24726029017856,2.0,4.269230769230769,5.568178821178015,10.5,11.076923076923077,10.039613844857088,9.5,11.153846153846153,9.878025339883706,658.0,824.2692307692307,624.8963791024754,28.5,91.92307692307692,203.56127786529993,139.0,265.2692307692308,334.1089113079516,258.5,358.7692307692308,332.90711109164465,158.0,209.34615384615384,182.25892401914203,17.5,36.11538461538461,43.24934859447196,12.5,27.846153846153847,32.67009924403941,394.0,484.53846153846155,391.41898071189456,1142.0,1454.5,1447.018320547463,19.0,27.884615384615383,30.615456126704267,17.0,19.576923076923077,18.927594832779103,3.0,8.923076923076923,15.496897952617683,13.0,19.884615384615383,19.547535748685913,7.0,11.807692307692308,12.790681704332199,425.0,543.1538461538462,429.8588319258026,29.5,52.26923076923077,64.15266647135265,12.0,15.5,12.497199686329735,9.5,14.423076923076923,14.838256169572157,1.0,1.5769230769230769,1.8584526235140229,10.0,23.5,28.55626025935469,49.0,56.19230769230769,44.409025416704864,14.5,18.192307692307693,18.929382939270326,14.0,16.346153846153847,15.176145248889277
6,Chelsea,24.0,23.625,2.2995746298524145,23.5,20.583333333333332,11.240132548602125,13.5,15.458333333333334,12.025260249074487,1200.5,1390.2916666666667,1046.9193930669687,1.0,2.4166666666666665,3.7638632635454052,1.0,1.8333333333333333,2.315668119696713,3.0,3.875,3.2612680915891277,0.0,0.041666666666666664,0.20412414523193154,0.8500000000000001,2.7374999999999994,4.3422907699087565,1.05,2.0749999999999997,2.544772988935829,15.0,33.375,42.08667299131948,34.5,60.125,64.91687829029152,15.0,61.375,77.70390427211773,0.05,0.14708333333333332,0.21010306304632798,0.065,0.1379166666666667,0.18989652025721035,0.08499999999999999,0.16291666666666668,0.1842134670681689,0.095,0.16083333333333333,0.17512521400332431,0.31,0.47291666666666665,0.5014889063462977,525.5,668.0416666666666,606.5196135877773,12.5,21.75,24.612209765992517,9.0,13.666666666666666,15.196300083634966,12.0,20.25,23.337318500260665,6.5,10.25,12.442039536429988,9.0,13.333333333333334,14.211650660382615,1.5,3.9166666666666665,5.830330490048433,6.5,9.416666666666666,10.34162827422833,7.5,10.291666666666666,11.837593640111399,821.0,933.75,789.0448408484559,20.0,88.54166666666667,186.59744608128477,126.5,276.75,347.1889912600541,267.5,418.4166666666667,427.14796506359596,127.0,246.625,263.94676876054086,14.0,43.708333333333336,53.16788763306587,14.0,29.875,34.64015325299968,485.0,541.5416666666666,432.5776109471613,1459.0,1563.4583333333333,1221.7797061509568,15.0,33.375,42.08667299131948,11.5,18.583333333333332,19.591295020485763,1.5,12.5,22.358735283514157,9.5,17.541666666666668,20.25914536732714,6.5,11.458333333333334,12.307576905116713,586.0,664.5,554.4761726954158,15.0,61.375,77.70390427211773,10.5,16.333333333333332,16.502085946319337,11.0,16.916666666666668,17.181680503592663,1.0,2.5416666666666665,4.77292332867911,3.5,25.541666666666668,41.770573339391085,44.5,58.875,52.444846806161415,9.5,14.291666666666666,17.076500931337517,8.5,14.458333333333334,15.093848924721582
7,Crystal Palace,27.0,26.666666666666668,3.2608792270388265,30.0,24.047619047619047,10.632385388407394,19.0,18.238095238095237,12.87208126879551,1652.0,1633.047619047619,1082.8501039474704,0.0,1.9047619047619047,3.4044788427123747,1.0,1.5238095238095237,2.088517359732679,2.0,3.619047619047619,3.36862272265967,0.0,0.19047619047619047,0.40237390808147827,1.1,2.5523809523809526,3.4639022860957045,1.5,1.9142857142857144,2.12821185841206,11.0,21.714285714285715,22.71154520754336,47.0,50.142857142857146,39.50479175275541,11.0,49.61904761904762,64.75915085181104,0.0,0.08523809523809524,0.1301006936038024,0.03,0.060476190476190475,0.07896050851382548,0.08,0.1414285714285714,0.1406515451136501,0.11,0.10095238095238096,0.0740881071363523,0.34,0.490952380952381,0.46433721326106053,541.0,519.1904761904761,395.3220989329611,21.0,33.142857142857146,29.93540665213305,14.0,19.61904761904762,18.89305742985023,23.0,28.333333333333332,22.050699157471932,15.0,14.142857142857142,9.90598664589103,19.0,21.047619047619047,18.017980437541247,3.0,6.142857142857143,6.908586789537454,13.0,14.904761904761905,12.891488517253398,11.0,14.238095238095237,14.484145683832244,871.0,888.3333333333334,626.8676362146425,30.0,110.66666666666667,217.5197309058039,181.0,330.5238095238095,366.73745637003304,377.0,369.23809523809524,273.5370001959341,146.0,197.0952380952381,188.12519893993596,18.0,34.42857142857143,36.30643390443549,12.0,21.285714285714285,29.93015679401439,430.0,444.76190476190476,315.46186849790655,1004.0,1094.4761904761904,800.9814366792541,11.0,21.714285714285715,22.71154520754336,10.0,15.380952380952381,14.115509875580798,1.0,5.238095238095238,7.509359239673928,16.0,21.666666666666668,21.04835702218426,13.0,14.666666666666666,14.371267631400277,533.0,514.4285714285714,354.96261372552624,11.0,49.61904761904762,64.75915085181104,12.0,18.047619047619047,16.197148485076596,19.0,17.952380952380953,15.86655662226745,1.0,3.1904761904761907,4.9154760463158365,11.0,26.904761904761905,32.74279273657756,64.0,72.9047619047619,54.03601092040822,17.0,22.38095238095238,22.366216019872898,19.0,28.19047619047619,25.862364639798596
8,Everton,27.0,27.761904761904763,5.019011475427825,25.0,22.904761904761905,9.213602780154796,15.0,18.047619047619047,10.53316756952148,1391.0,1612.142857142857,898.7453079551674,1.0,1.5238095238095237,2.1821789023599236,1.0,0.9523809523809523,1.1169686869465265,3.0,3.380952380952381,2.2243244025139517,0.0,0.09523809523809523,0.30079260375911915,1.1,1.7190476190476194,2.066789550878136,0.8,1.2904761904761906,1.1344182482245082,12.0,20.571428571428573,20.97277146342712,43.0,43.80952380952381,36.244474127263935,24.0,43.76190476190476,41.54504153554881,0.03,0.09047619047619049,0.13313437536850467,0.03,0.06428571428571428,0.08623058787758718,0.05,0.10666666666666667,0.12435165191236236,0.05,0.07333333333333335,0.06255664100104268,0.19,0.3357142857142857,0.36752648106730246,437.0,487.2857142857143,341.2653136281422,28.0,31.80952380952381,28.573797520838998,16.0,18.666666666666668,17.22594941747285,24.0,28.19047619047619,22.657491140060163,9.0,13.571428571428571,11.522028591230923,15.0,16.857142857142858,14.495812203135477,3.0,6.095238095238095,9.554604973020925,8.0,10.761904761904763,8.705772578609908,10.0,14.333333333333334,13.177000164427916,805.0,832.3333333333334,510.74018182764246,31.0,105.85714285714286,222.22630035940517,196.0,300.0952380952381,365.3520089943265,305.0,336.7142857142857,237.44749795631515,204.0,204.14285714285714,147.269238374579,20.0,30.80952380952381,26.45301315090409,20.0,27.571428571428573,30.568891750554897,399.0,406.6666666666667,248.01478450554785,780.0,1076.6666666666667,831.5262072438447,12.0,20.571428571428573,20.97277146342712,10.0,15.142857142857142,11.820684050788747,2.0,5.238095238095238,7.238126566348242,13.0,22.095238095238095,20.6613280354985,12.0,16.571428571428573,14.558747983846098,451.0,481.3809523809524,275.59526051630064,24.0,43.76190476190476,41.54504153554881,15.0,18.714285714285715,13.773680906507371,14.0,15.952380952380953,12.823713153670393,1.0,3.619047619047619,6.437982529303651,7.0,29.61904761904762,37.38512563905088,61.0,65.0952380952381,47.555130913398564,11.0,26.095238095238095,29.85281353893593,15.0,24.333333333333332,23.896303758810348
9,Fulham,28.5,28.6,3.4853075073876383,28.0,25.1,9.278724957778696,17.5,17.65,11.577087171150655,1620.5,1585.1,966.6865218771529,0.5,2.4,3.37794705639231,1.0,2.05,2.6452539426400317,2.5,3.45,3.068944615438926,0.0,0.05,0.22360679774997896,1.1,2.23,2.7988907577260336,1.0,1.7250000000000003,1.9474342094150447,22.0,33.2,37.66696165076233,53.0,64.85,50.780513253764866,39.0,67.35,74.0961501947585,0.015,0.16850000000000004,0.2485383587888873,0.08499999999999999,0.10399999999999998,0.1193579314058085,0.085,0.1485,0.1560119765982896,0.085,0.1015,0.0806731547340058,0.26,0.5125,0.577935299602227,652.0,660.55,490.5471139988815,24.0,29.45,23.69204841069545,12.0,17.8,14.930012162014295,19.0,24.45,21.485552061057707,9.0,12.05,11.736021920834835,14.0,14.8,11.005261899368149,2.0,3.75,4.228661602371183,11.5,11.05,8.413491671432448,8.5,12.25,13.745334136583068,976.0,978.9,663.3319324678852,26.5,105.05,244.21614132610182,155.5,312.7,373.53518822475775,388.5,401.7,313.0495336625113,232.5,275.3,234.8957439510469,32.0,40.2,39.805580143069335,18.5,27.45,28.010289462793374,533.5,575.55,409.5118371144381,1222.5,1565.9,1329.92567659368,22.0,33.2,37.66696165076233,18.0,23.65,24.514818289954214,4.5,9.05,11.255291153380636,15.5,22.35,18.81006169720428,8.0,12.15,12.07552984562713,632.5,652.85,440.9527096019064,39.0,67.35,74.0961501947585,16.5,18.7,14.743776563975086,15.5,15.15,11.4766353037263,1.0,2.0,3.340343505815248,15.0,40.05,53.45384137641313,61.0,67.7,45.30028465113308,15.0,21.4,21.738638896044794,19.0,22.5,21.63209117078265
10,Ipswich Town,26.0,26.620689655172413,3.0869979997153068,19.0,18.482758620689655,9.038096708833482,12.0,13.10344827586207,9.74072756004472,990.0,1169.9655172413793,802.7853957475907,0.0,1.103448275862069,2.350453263069045,0.0,0.8620689655172413,1.0929690209645366,2.0,3.0344827586206895,2.6656915294251995,0.0,0.1724137931034483,0.3844258722192447,0.5,1.0379310344827586,1.7819359041510061,0.5,0.7275862068965517,0.9837597528012249,9.0,15.137931034482758,18.587100246313366,22.0,28.275862068965516,26.008098397730077,14.0,26.93103448275862,35.95724746584751,0.0,0.08172413793103449,0.14322980948504804,0.0,0.07,0.10460811222298749,0.04,0.08172413793103447,0.10333955699251311,0.03,0.057241379310344835,0.05921489627523382,0.07,0.27620689655172415,0.38799313131902086,241.0,355.7586206896552,311.9369962911941,12.0,18.551724137931036,16.8535418212666,8.0,10.620689655172415,9.619228485187692,11.0,18.862068965517242,17.076977270856794,6.0,9.89655172413793,9.592946916452311,8.0,13.517241379310345,14.196631113590628,2.0,5.931034482758621,9.753867491127956,6.0,7.586206896551724,7.683550339056019,6.0,9.655172413793103,9.607570906280724,477.0,592.4827586206897,470.41217646182037,28.0,96.44827586206897,135.4130153606515,140.0,245.31034482758622,255.52105077500477,168.0,233.68965517241378,216.12415470350697,104.0,120.10344827586206,124.55014619122755,11.0,17.75862068965517,21.76113044006576,7.0,19.03448275862069,27.4921842901639,232.0,291.41379310344826,224.41280795530415,604.0,796.7931034482758,628.2417857634991,9.0,15.137931034482758,18.587100246313366,7.0,10.206896551724139,11.187937733957776,1.0,4.413793103448276,7.7897241899610945,11.0,16.93103448275862,21.34902311997764,4.0,10.655172413793103,14.631853368761119,290.0,350.9655172413793,285.10743373064287,14.0,26.93103448275862,35.95724746584751,9.0,13.586206896551724,14.98932296521978,8.0,12.344827586206897,11.979970969643354,0.0,1.5172413793103448,2.8236335463265916,6.0,15.206896551724139,29.261602473383867,40.0,45.03448275862069,36.210182820602796,7.0,17.24137931034483,22.97926887500028,15.0,17.24137931034483,18.325733609197506
11,Leicester City,26.0,26.44,4.4071910933533776,21.0,19.96,9.816992071573315,14.0,14.76,10.170545708072895,1391.0,1325.36,841.2718486513936,0.0,0.96,1.8814887722226779,0.0,0.88,1.2013880860626733,2.0,3.04,2.6689573494781316,0.0,0.0,0.0,0.4,1.1119999999999999,2.183903233509519,0.4,0.9159999999999999,1.1639301239049247,14.0,20.2,23.039820601153412,30.0,38.92,35.67786428585657,19.0,36.72,40.68632038740622,0.0,0.0508,0.08400992004916245,0.0,0.058800000000000005,0.0867140895894856,0.04,0.06280000000000001,0.08384111958539993,0.02,0.0672,0.08299196748280321,0.2,0.2656,0.27427297837495157,430.0,505.56,378.13953332951934,21.0,25.92,22.75763608110473,11.0,15.16,13.804226405947809,18.0,24.88,22.125249527783108,10.0,12.8,12.110601416389967,17.0,17.8,14.285773809399803,4.0,7.04,8.248636250920512,8.0,10.76,8.771544903835355,9.0,11.76,12.152777460317456,804.0,779.16,534.0265817354039,39.0,104.8,170.09237686229994,166.0,291.76,287.8184149772214,324.0,353.52,284.1543184022841,99.0,140.72,134.81361207237197,15.0,21.36,24.516796963170645,11.0,21.44,26.57078596253161,465.0,441.52,292.49987464384776,1055.0,1089.68,763.28570011497,14.0,20.2,23.039820601153412,7.0,12.48,12.145369487998297,2.0,4.88,6.352952069707436,13.0,15.88,14.368136042414594,8.0,10.72,12.478381305281548,483.0,496.12,336.61901312908634,19.0,36.72,40.68632038740622,12.0,13.88,10.686128079586794,11.0,12.08,9.793365100924197,1.0,2.12,4.952440475832765,8.0,21.24,27.630418020724914,40.0,51.64,37.850451340329705,11.0,17.32,17.028701261889193,15.0,18.68,16.804562872426445
12,Liverpool,26.0,26.666666666666668,3.665151201974256,28.0,25.19047619047619,8.92535180045609,20.0,18.333333333333332,11.921968517544967,1717.0,1643.095238095238,977.4990488364634,1.0,3.8095238095238093,6.493219907095766,2.0,2.857142857142857,3.99106144134257,3.0,3.0476190476190474,2.2688364964490164,0.0,0.09523809523809523,0.30079260375911915,1.7,3.6761904761904765,5.513973590969107,1.2,2.6761904761904765,3.1846357345707155,24.0,35.666666666666664,36.51620644773131,71.0,83.95238095238095,68.39990949590225,54.0,83.04761904761905,111.0078718787439,0.04,0.16523809523809524,0.23183224641147415,0.16,0.13904761904761903,0.13190544954264635,0.07,0.18428571428571427,0.20711280570190313,0.11,0.1304761904761905,0.10938355408726626,0.35,0.4842857142857144,0.4350812731958413,681.0,807.1428571428571,634.1773636542293,26.0,28.476190476190474,23.932444604801756,16.0,17.61904761904762,14.66791120260888,20.0,28.952380952380953,28.308083987575337,9.0,13.761904761904763,14.320980280360565,9.0,15.952380952380953,14.796878692738515,2.0,4.190476190476191,4.718252299517775,9.0,11.761904761904763,12.879847677301008,7.0,13.095238095238095,15.952757635922266,860.0,1139.4285714285713,817.5648947593439,32.0,102.33333333333333,159.90288719511392,187.0,314.6190476190476,329.93703584024576,307.0,513.4761904761905,469.2663016931451,218.0,321.23809523809524,285.0820767361401,44.0,57.38095238095238,73.48841826470085,19.0,29.285714285714285,35.42194638517604,550.0,655.0,456.14197351263346,1598.0,1773.3809523809523,1235.2182186233524,24.0,35.666666666666664,36.51620644773131,19.0,24.285714285714285,21.185237447672982,6.0,14.047619047619047,26.175324621628267,19.0,23.047619047619047,25.32879031946885,11.0,14.952380952380953,16.16934194850301,606.0,798.2380952380952,570.0718292252218,54.0,83.04761904761905,111.0078718787439,16.0,19.047619047619047,16.478701983093785,12.0,15.666666666666666,13.547447484058882,1.0,2.619047619047619,4.3985928485845385,6.0,32.095238095238095,45.267985112996534,66.0,70.71428571428571,48.99096126546493,9.0,18.095238095238095,26.134086480886914,12.0,16.285714285714285,13.126853610606227
13,Manchester City,26.0,26.44,4.805205510693586,23.0,19.88,8.973665174646682,17.0,15.36,8.625929901562305,1494.0,1381.36,766.2823065511387,1.0,2.64,4.414748010928823,0.0,1.92,2.5645012510557814,2.0,2.32,1.7492855684535902,0.0,0.04,0.2,1.3,2.5200000000000005,4.175424130153328,1.5,2.028,2.249355463238303,35.0,41.64,45.442161040161814,64.0,70.28,60.42179518462964,26.0,69.6,78.21764506810467,0.06,0.1784,0.24563998045920782,0.0,0.10200000000000001,0.1414213562373095,0.07,0.16080000000000003,0.2177904191342371,0.07,0.1164,0.12195900950729306,0.33,0.46360000000000007,0.5136704520734411,676.0,793.52,591.8990707882552,15.0,18.44,17.05891751157343,7.0,11.2,10.88959748261309,13.0,16.88,15.738276059763768,6.0,8.84,8.547319267856247,11.0,12.44,9.600694419328914,1.0,3.28,4.817675788178362,9.0,9.16,7.098591409568521,5.0,8.2,8.582928793055823,892.0,1033.8,699.0405925266429,39.0,78.52,139.2913971978648,197.0,241.56,242.91049105929258,331.0,447.28,395.86745677478126,324.0,353.4,278.85524918853514,22.0,48.52,51.759958784115476,21.0,29.68,41.02206723216176,590.0,664.68,466.34525121773606,1714.0,2051.96,1583.7090294621673,35.0,41.64,45.442161040161814,23.0,31.16,27.549470654321716,3.0,14.48,23.36863995471994,14.0,17.4,15.124483462254174,13.0,14.88,14.50953709346603,630.0,783.04,543.7994023534781,26.0,69.6,78.21764506810467,11.0,10.64,8.18474190185616,12.0,13.88,11.47214016650773,0.0,1.68,2.4617067250182343,8.0,23.6,32.247738938825876,46.0,53.0,35.29046141192641,5.0,11.12,13.488637193331776,8.0,11.96,11.11860302975753
14,Manchester Utd,25.0,25.066666666666666,5.112077203381551,20.0,17.666666666666668,11.454056150501907,11.5,12.833333333333334,10.780196829286604,1071.0,1149.6666666666667,931.0153276020138,0.0,1.3333333333333333,2.2641635942681337,0.0,0.9333333333333333,1.9988502442280596,2.0,2.6,2.471911169032214,0.0,0.1,0.4025778999364487,0.7,1.6033333333333333,2.2676865521607197,0.35,1.2,1.707589549325457,10.0,21.066666666666666,31.189004841265866,22.0,43.2,55.75092391379159,14.5,42.7,64.32576037852846,0.0,0.07433333333333335,0.11705240009421462,0.0,0.044000000000000004,0.08528249203837715,0.06,0.12666666666666665,0.16103829772241549,0.06,0.08099999999999997,0.08742878875661195,0.185,0.36599999999999994,0.45842007538636587,286.0,512.8666666666667,464.77074313919644,13.0,25.1,27.822528703341753,8.5,15.133333333333333,17.010611968422236,10.0,22.033333333333335,24.512464574991842,5.0,9.933333333333334,12.22471587240045,8.0,11.6,11.180648306414263,1.0,3.2666666666666666,4.784553691096852,6.0,8.333333333333334,8.667550794867555,5.0,11.466666666666667,12.721779677424045,517.0,756.2666666666667,662.1173421023223,22.5,79.2,182.86897514057847,126.5,265.8333333333333,314.013736063857,206.0,319.6,307.20975649018476,78.0,177.86666666666667,219.13760962925323,17.0,29.033333333333335,37.52836475147219,5.5,19.5,25.456860060461718,310.0,461.8333333333333,401.0441615835217,744.5,1155.9333333333334,1107.4359305304688,10.0,21.066666666666666,31.189004841265866,9.5,14.8,18.162864729232936,1.0,7.0,15.251907738219911,9.5,15.7,17.765037340915946,4.5,11.066666666666666,13.801382572754813,385.0,508.0,438.91213479347493,14.5,42.7,64.32576037852846,9.0,12.533333333333333,11.667027909021435,7.0,11.3,11.567344045884608,0.5,2.066666666666667,3.1615506162088525,6.0,19.033333333333335,35.19647644328888,31.5,53.1,51.33483726711695,8.5,14.633333333333333,15.979476779948698,10.0,15.166666666666666,17.60502148846162
15,Newcastle Utd,27.0,27.52173913043478,4.727766772602735,27.0,23.217391304347824,10.144216989986017,14.0,16.73913043478261,12.588657922923923,1503.0,1502.8695652173913,1050.9113060208886,0.0,2.782608695652174,5.187016323467755,1.0,2.0869565217391304,2.843062425021507,2.0,2.608695652173913,3.0262357421057633,0.0,0.043478260869565216,0.2085144140570748,0.5,2.6347826086956525,4.436994139735529,0.9,1.8826086956521737,2.2774890826827536,14.0,29.82608695652174,33.44011224142897,59.0,63.17391304347826,62.650293602963664,22.0,62.69565217391305,71.58557166878144,0.0,0.16086956521739132,0.2581034507796202,0.04,0.10304347826086957,0.1267938478077593,0.12,0.14304347826086955,0.16196056710336215,0.08,0.09739130434782607,0.09031346377551043,0.3,0.3830434782608696,0.4077703763662795,479.0,616.8695652173913,528.14007304776,22.0,24.434782608695652,22.0223565887786,15.0,14.956521739130435,13.69299177372918,27.0,24.0,22.207697273283834,9.0,11.608695652173912,10.760783726251637,17.0,17.130434782608695,14.194443047852747,3.0,5.6521739130434785,7.189693985472754,9.0,11.478260869565217,10.290638133837037,6.0,11.043478260869565,11.845514152353068,773.0,923.6521739130435,736.155221323209,26.0,91.73913043478261,145.62130756654847,122.0,301.7391304347826,343.4360093090393,232.0,387.82608695652175,354.6575367582742,133.0,243.1304347826087,228.0706239000674,33.0,43.0,46.887680103141655,8.0,26.956521739130434,30.859620955766726,498.0,525.5217391304348,429.8606401619882,1519.0,1429.9565217391305,1147.0369922805799,14.0,29.82608695652174,33.44011224142897,14.0,18.434782608695652,17.450777755411785,4.0,10.73913043478261,15.91516541285629,11.0,19.130434782608695,17.67459488497052,8.0,17.956521739130434,20.318997516586574,567.0,612.304347826087,506.3999887604668,22.0,62.69565217391305,71.58557166878144,9.0,15.826086956521738,16.94282410159385,11.0,18.217391304347824,24.09631530062623,2.0,3.0869565217391304,4.31606979763114,10.0,27.52173913043478,39.35487675130837,49.0,66.52173913043478,58.23765539518958,7.0,19.304347826086957,29.006950237061048,14.0,18.434782608695652,19.699621793685004
16,Nott'ham Forest,26.0,26.61904761904762,3.612148813050072,31.0,25.238095238095237,10.5778294649931,20.0,18.095238095238095,13.326307672813059,1874.0,1628.5238095238096,1099.9405265307582,1.0,2.5238095238095237,4.226334672254998,1.0,1.8095238095238095,2.5420276870846155,3.0,3.8095238095238093,3.2957403966187573,0.0,0.047619047619047616,0.21821789023599242,1.4,2.0095238095238095,2.6362672022966036,1.1,1.4238095238095239,1.4655731854481922,13.0,27.38095238095238,34.30958494426331,36.0,47.38095238095238,44.40436486481502,20.0,47.61904761904762,58.69112044464323,0.07,0.12285714285714289,0.16016063365080876,0.05,0.08380952380952382,0.10273637089542294,0.07,0.11523809523809525,0.132462034093511,0.06,0.07714285714285715,0.07849476779651349,0.27,0.43285714285714283,0.4089882988196955,472.0,458.0952380952381,345.8939006056488,21.0,29.904761904761905,25.972879628383065,13.0,18.095238095238095,15.984069450251905,20.0,28.761904761904763,27.24317301986823,8.0,14.333333333333334,14.423360680969376,11.0,19.0,18.143869488066763,4.0,7.0476190476190474,10.254151308012725,9.0,11.952380952380953,10.56634369342674,12.0,13.904761904761905,11.458205626993967,1000.0,814.7142857142857,570.2475903374904,36.0,109.23809523809524,180.2006949936389,175.0,281.85714285714283,294.60605657628383,290.0,324.42857142857144,269.1313009347986,158.0,218.76190476190476,209.15972479469005,21.0,33.95238095238095,32.12238501493342,13.0,26.38095238095238,28.247966635629176,400.0,372.3809523809524,275.33860539170246,864.0,1143.6666666666667,1015.9474067752391,13.0,27.38095238095238,34.30958494426331,11.0,17.142857142857142,18.00079363329771,2.0,8.285714285714286,12.888533109484792,18.0,24.666666666666668,24.22051472065227,10.0,13.857142857142858,13.55096201118472,512.0,455.8095238095238,334.84961087742346,20.0,47.61904761904762,58.69112044464323,12.0,17.428571428571427,14.211162614548567,10.0,18.142857142857142,17.214196798821938,1.0,3.9523809523809526,6.3990326649907825,5.0,24.80952380952381,38.76547310122637,50.0,68.57142857142857,55.18475462351123,14.0,25.142857142857142,27.03754004025831,20.0,24.238095238095237,27.63133142268892
17,Southampton,26.0,26.482758620689655,4.188595823825624,20.0,18.655172413793103,10.37949854991961,13.0,13.241379310344827,9.840351229263666,1178.0,1184.3103448275863,856.2372878492552,0.0,0.8275862068965517,1.0713464664764276,0.0,0.5172413793103449,0.8289705171033532,2.0,2.8620689655172415,2.948657538743382,0.0,0.10344827586206896,0.40925259281898757,0.5,1.0724137931034483,1.3879317994062084,0.5,0.8103448275862071,0.9220880139220546,10.0,20.620689655172413,26.910451757506852,24.0,36.44827586206897,39.457559665776664,20.0,35.3448275862069,38.70610496519063,0.0,0.051379310344827595,0.07637894894776003,0.0,0.04310344827586207,0.09721491097694918,0.04,0.07758620689655171,0.08958855046480124,0.03,0.05448275862068966,0.058711534939697926,0.14,0.2158620689655172,0.28653742265414617,257.0,499.7931034482759,481.213523983922,13.0,20.413793103448278,19.729450867347865,7.0,11.827586206896552,11.313926202179966,13.0,18.24137931034483,14.49545537749626,10.0,9.379310344827585,7.017395696733369,8.0,13.379310344827585,14.915030274150226,2.0,5.896551724137931,9.135272408113694,5.0,7.482758620689655,8.002770456246354,5.0,9.620689655172415,12.263225493620721,457.0,726.7931034482758,636.2733789872728,42.0,93.65517241379311,170.63940171812374,161.0,265.3448275862069,322.22610471775306,198.0,313.41379310344826,308.40204710750305,131.0,154.3448275862069,149.2857461050712,15.0,21.862068965517242,20.864741513463457,6.0,22.82758620689655,32.38172871666679,253.0,406.8965517241379,363.2547654615723,599.0,1101.344827586207,1119.5630294214304,10.0,20.620689655172413,26.910451757506852,9.0,15.241379310344827,18.795240986586002,1.0,5.103448275862069,7.5892067512553965,10.0,14.931034482758621,15.028380376766105,5.0,11.137931034482758,13.765184182076984,349.0,494.3448275862069,436.3488345563893,20.0,35.3448275862069,38.70610496519063,12.0,14.758620689655173,13.428794149709455,8.0,13.655172413793103,15.764507744725096,0.0,1.5172413793103448,2.6270663928633997,6.0,17.620689655172413,26.858642920061857,23.0,46.0,44.26059195266146,8.0,14.620689655172415,20.9172071904986,8.0,12.655172413793103,13.743247334259847
18,Tottenham,25.0,25.22222222222222,4.526276558848286,22.0,19.333333333333332,9.232051193032307,16.0,14.222222222222221,8.092414935430554,1300.0,1277.7777777777778,694.5650732837356,1.0,2.2222222222222223,3.250246538972477,1.0,1.7037037037037037,2.3828685817859694,2.0,2.4444444444444446,2.325995788959303,0.0,0.037037037037037035,0.19245008972987523,0.7,2.0999999999999996,2.9091368003373312,0.9,1.5814814814814813,2.0200984433432247,18.0,29.51851851851852,29.123570113952994,49.0,56.925925925925924,47.133138698083364,31.0,56.51851851851852,69.30333012887307,0.06,0.13481481481481483,0.19355719429767385,0.07,0.11777777777777777,0.15054601477323323,0.06,0.14074074074074072,0.17121569675358275,0.08,0.10666666666666666,0.11076655979685733,0.29,0.40185185185185185,0.39576641359652304,703.0,581.1111111111111,373.35272385541316,14.0,22.85185185185185,20.77665795236365,9.0,14.481481481481481,14.00101746404489,14.0,20.666666666666668,17.76123696316049,9.0,10.25925925925926,8.600503529948753,15.0,15.148148148148149,12.249658405609972,5.0,5.2592592592592595,5.230035980112981,9.0,9.88888888888889,9.328753455078607,10.0,10.777777777777779,10.82494744465243,892.0,847.925925925926,515.9538534766252,60.0,86.33333333333333,119.40332426760088,228.0,275.18518518518516,231.3053321805546,393.0,358.7037037037037,259.8235813918618,168.0,222.33333333333334,227.9908905062791,24.0,35.888888888888886,42.50821941635192,19.0,28.51851851851852,29.70802840255394,588.0,528.1481481481482,309.81330652553464,1526.0,1462.7407407407406,859.1309827867026,18.0,29.51851851851852,29.123570113952994,18.0,19.85185185185185,17.05579915747969,4.0,8.703703703703704,12.005815305076167,16.0,18.40740740740741,18.210857410768106,11.0,14.74074074074074,16.38618694227313,629.0,576.4074074074074,339.1683561141484,31.0,56.51851851851852,69.30333012887307,10.0,15.074074074074074,13.219815912618932,11.0,16.962962962962962,15.298269086306366,1.0,2.185185185185185,3.1869570371586686,13.0,26.85185185185185,42.5772634374658,59.0,57.666666666666664,41.01688207780567,9.0,14.62962962962963,14.07984961717153,11.0,14.925925925925926,14.166390143103138
19,West Ham,28.0,28.16,5.096403960964372,20.0,21.56,8.529751852584381,14.0,15.4,10.862780491200215,1070.0,1381.52,914.3885078747071,0.0,1.48,2.6,1.0,0.96,1.5132745950421558,2.0,2.96,2.65329983228432,0.0,0.12,0.33166247903553997,1.2,1.776,2.254861414810232,1.1,1.26,1.40356688476182,11.0,22.92,30.36983152186832,31.0,45.0,41.31182235954578,25.0,44.64,57.791204636461195,0.0,0.084,0.12529964086141665,0.03,0.07440000000000001,0.13635370670918096,0.07,0.13720000000000002,0.15915191903754516,0.08,0.1008,0.09720768145230774,0.23,0.3836,0.4092358733053592,517.0,533.44,408.43543757449186,17.0,23.6,20.816659994661325,11.0,14.0,12.328828005937952,21.0,19.68,15.691611347043574,8.0,9.24,7.7420927403383635,14.0,16.64,13.409822270758601,4.0,6.28,8.228608630868283,9.0,10.36,8.040936927166303,8.0,12.24,14.774076395272001,668.0,830.56,599.2430697694106,39.0,107.88,177.8879141482074,196.0,304.12,314.953478046097,366.0,355.88,288.75109235002617,118.0,178.52,184.73407012965063,23.0,30.88,38.860133813459775,11.0,28.8,45.46885380858711,321.0,421.8,318.0883001096813,714.0,1077.4,937.0678114914274,11.0,22.92,30.36983152186832,10.0,14.56,16.61846362734333,2.0,6.48,13.165991543872922,12.0,18.28,19.688236758701038,6.0,14.68,22.253688832790548,459.0,529.56,390.62184185390004,25.0,44.64,57.791204636461195,15.0,16.28,14.261019131417875,11.0,15.12,17.678423760807032,1.0,2.8,4.281744192888376,13.0,22.4,27.519689920733722,43.0,57.16,47.967593227094476,10.0,21.68,27.425231691515997,12.0,20.84,19.484352696458767
20,Wolves,26.0,27.17391304347826,4.052520808236001,26.0,22.782608695652176,8.923699404798082,15.0,16.652173913043477,10.907081501367374,1364.0,1495.2173913043478,875.6224776238662,1.0,2.1739130434782608,3.9387604639143587,1.0,1.6956521739130435,2.224548628551535,2.0,3.217391304347826,2.7461795236809605,0.0,0.08695652173913043,0.28810406552003043,0.8,1.7608695652173914,2.4798715381748715,0.9,1.4000000000000001,1.77942789580349,12.0,23.565217391304348,27.789510916819808,31.0,45.91304347826087,41.098455006880364,28.0,45.26086956521739,47.76192606069889,0.07,0.12217391304347826,0.16700453237559781,0.04,0.10043478260869568,0.13026121521666884,0.08,0.11130434782608696,0.11721403685046689,0.07,0.07956521739130434,0.07606685222818897,0.23,0.34956521739130436,0.40170634073875816,484.0,563.5652173913044,411.40102378523744,21.0,32.08695652173913,28.195604176212647,13.0,18.91304347826087,17.58075663765838,19.0,26.82608695652174,23.596325164415372,8.0,12.217391304347826,13.30056909834767,16.0,18.043478260869566,12.607639317888202,4.0,5.869565217391305,6.047571622531168,10.0,12.173913043478262,10.443145528888765,9.0,12.08695652173913,9.82997754310882,756.0,875.8260869565217,572.2617529015828,59.0,103.43478260869566,151.45261067618614,304.0,311.0869565217391,256.91189028067373,329.0,393.6521739130435,316.27600269609917,124.0,181.7391304347826,186.29234537324402,23.0,28.304347826086957,31.84826923028043,14.0,28.391304347826086,34.83433406912676,390.0,480.60869565217394,307.3460796044442,1038.0,1328.695652173913,911.0664797010055,12.0,23.565217391304348,27.789510916819808,13.0,17.91304347826087,21.83390408490732,3.0,5.695652173913044,8.6887324245971,16.0,23.043478260869566,22.74058898427608,11.0,14.434782608695652,15.287624486838787,482.0,559.2173913043479,370.7579407010528,28.0,45.26086956521739,47.76192606069889,15.0,19.782608695652176,17.503133542153716,10.0,16.91304347826087,17.08511591329573,1.0,2.5217391304347827,3.314836691677301,10.0,21.652173913043477,30.692919964844982,43.0,65.6086956521739,50.69493351987928,10.0,17.73913043478261,17.532352928500103,16.0,19.043478260869566,19.671110013671328
